{
  "sudoku": [
    {
      "name": "SHREK Small",
      "task": "sudoku",
      "checkpoint": "/home/thheim/HMR/checkpoints/sudoku-extreme/shrek-tiny/step_52080",
      "parameters": 13645315,
      "num_puzzles": 1000,
      "avg_steps": 10.676,
      "flops_per_step": 6707618816.0,
      "gflops_per_step": 6.707618816,
      "avg_flops_per_puzzle": 71610538479.616,
      "avg_gflops_per_puzzle": 71.610538479616,
      "total_flops_16_steps": 107321901056.0,
      "total_gflops_16_steps": 107.321901056
    },
    {
      "name": "TRM Attention",
      "task": "sudoku",
      "checkpoint": "/home/thheim/HMR/checkpoints/sudoku-extreme/trm-attention/step_52080",
      "parameters": 6828034,
      "num_puzzles": 1000,
      "avg_steps": 7.626,
      "flops_per_step": 28577760256.0,
      "gflops_per_step": 28.577760256,
      "avg_flops_per_puzzle": 217933999712.256,
      "avg_gflops_per_puzzle": 217.93399971225602,
      "total_flops_16_steps": 457244164096.0,
      "total_gflops_16_steps": 457.244164096
    },
    {
      "name": "SHREK Large",
      "task": "sudoku",
      "checkpoint": "/home/thheim/HMR/checkpoints/sudoku-extreme/shrek-large/step_52080",
      "parameters": 27276803,
      "num_puzzles": 1000,
      "avg_steps": 8.616,
      "flops_per_step": 13414310912.0,
      "gflops_per_step": 13.414310912,
      "avg_flops_per_puzzle": 115577702817.79199,
      "avg_gflops_per_puzzle": 115.57770281779199,
      "total_flops_16_steps": 214628974592.0,
      "total_gflops_16_steps": 214.628974592
    },
    {
      "name": "Original HRM",
      "task": "sudoku",
      "checkpoint": "/home/thheim/HMR/checkpoints/sudoku-extreme/original-hrm/step_52080",
      "parameters": 27275266,
      "num_puzzles": 1000,
      "avg_steps": 10.559,
      "flops_per_step": 13414309888.0,
      "gflops_per_step": 13.414309888,
      "avg_flops_per_puzzle": 141641698107.392,
      "avg_gflops_per_puzzle": 141.641698107392,
      "total_flops_16_steps": 214628958208.0,
      "total_gflops_16_steps": 214.628958208
    }
  ],
  "maze": [
    {
      "name": "SHREK Large",
      "task": "maze",
      "checkpoint": "/home/thheim/HMR/checkpoints/maze-hard/shrek-large/step_156240",
      "parameters": 27271685,
      "num_puzzles": 1000,
      "avg_steps": 10.048,
      "flops_per_step": 147389188100.0,
      "gflops_per_step": 147.3891881,
      "avg_flops_per_puzzle": 1480966562028.8,
      "avg_gflops_per_puzzle": 1480.9665620288001,
      "total_flops_16_steps": 2358227009600.0,
      "total_gflops_16_steps": 2358.2270096
    },
    {
      "name": "TRM Attention",
      "task": "maze",
      "checkpoint": "/home/thheim/HMR/checkpoints/maze-hard/trm-attention/step_156240",
      "parameters": 6822914,
      "num_puzzles": 1000,
      "avg_steps": 1.153,
      "flops_per_step": 238853875712.0,
      "gflops_per_step": 238.853875712,
      "avg_flops_per_puzzle": 275398518695.93604,
      "avg_gflops_per_puzzle": 275.39851869593605,
      "total_flops_16_steps": 3821662011392.0,
      "total_gflops_16_steps": 3821.662011392
    },
    {
      "name": "SHREK Small",
      "task": "maze",
      "checkpoint": "/home/thheim/HMR/checkpoints/maze-hard/shrek-tiny/step_156240",
      "parameters": 13640197,
      "num_puzzles": 1000,
      "avg_steps": 5.009,
      "flops_per_step": 73697363972.0,
      "gflops_per_step": 73.697363972,
      "avg_flops_per_puzzle": 369150096135.74805,
      "avg_gflops_per_puzzle": 369.1500961357481,
      "total_flops_16_steps": 1179157823552.0,
      "total_gflops_16_steps": 1179.157823552
    },
    {
      "name": "Original HRM",
      "task": "maze",
      "checkpoint": "/home/thheim/HMR/checkpoints/maze-hard/original-hrm/step_156240",
      "parameters": 27270146,
      "num_puzzles": 1000,
      "avg_steps": 6.385,
      "flops_per_step": 147389186048.0,
      "gflops_per_step": 147.389186048,
      "avg_flops_per_puzzle": 941079952916.48,
      "avg_gflops_per_puzzle": 941.07995291648,
      "total_flops_16_steps": 2358226976768.0,
      "total_gflops_16_steps": 2358.226976768
    }
  ]
}