{
  "name": "Original HRM",
  "task": "maze",
  "checkpoint": "/home/thheim/HMR/checkpoints/maze-hard/original-hrm/step_156240",
  "parameters": 27270146,
  "num_puzzles": 100,
  "avg_steps": 6.67,
  "flops_per_step": 147389186048.0,
  "gflops_per_step": 147.389186048,
  "avg_flops_per_puzzle": 983085870940.16,
  "avg_gflops_per_puzzle": 983.08587094016,
  "total_flops_16_steps": 2358226976768.0,
  "total_gflops_16_steps": 2358.226976768
}