{
  "name": "Original HRM",
  "task": "sudoku",
  "checkpoint": "/home/thheim/HMR/checkpoints/sudoku-extreme/original-hrm/step_52080",
  "parameters": 27275266,
  "num_puzzles": 1000,
  "avg_steps": 10.559,
  "flops_per_step": 13414309888.0,
  "gflops_per_step": 13.414309888,
  "avg_flops_per_puzzle": 141641698107.392,
  "avg_gflops_per_puzzle": 141.641698107392,
  "total_flops_16_steps": 214628958208.0,
  "total_gflops_16_steps": 214.628958208
}