{
  "name": "TRM Attention",
  "task": "maze",
  "checkpoint": "/home/thheim/HMR/checkpoints/maze-hard/trm-attention/step_156240",
  "parameters": 6822914,
  "num_puzzles": 1000,
  "avg_steps": 1.153,
  "flops_per_step": 238853875712.0,
  "gflops_per_step": 238.853875712,
  "avg_flops_per_puzzle": 275398518695.93604,
  "avg_gflops_per_puzzle": 275.39851869593605,
  "total_flops_16_steps": 3821662011392.0,
  "total_gflops_16_steps": 3821.662011392
}